<?xml version="1.0" encoding="utf-8" ?><dwsync><file name="help.css" server="phsi2b2appdev.mgh.harvard.edu//var/www/html/webclient/" local="3372941536" remote="11990783944" /><file name="index.001.png" server="phsi2b2appdev.mgh.harvard.edu//var/www/html/webclient/" local="3372941536" remote="11990783944" /><file name="index.002.png" server="phsi2b2appdev.mgh.harvard.edu//var/www/html/webclient/" local="3372941536" remote="11990783944" /><file name="index.003.png" server="phsi2b2appdev.mgh.harvard.edu//var/www/html/webclient/" local="3372941536" remote="11990783944" /><file name="index.004.png" server="phsi2b2appdev.mgh.harvard.edu//var/www/html/webclient/" local="3372941536" remote="11990783944" /><file name="index.005.png" server="phsi2b2appdev.mgh.harvard.edu//var/www/html/webclient/" local="3372941536" remote="11990783944" /><file name="index.006.png" server="phsi2b2appdev.mgh.harvard.edu//var/www/html/webclient/" local="3372941536" remote="11990783944" /><file name="index.007.png" server="phsi2b2appdev.mgh.harvard.edu//var/www/html/webclient/" local="3372941536" remote="11990783944" /><file name="index.008.png" server="phsi2b2appdev.mgh.harvard.edu//var/www/html/webclient/" local="3372941536" remote="11990783944" /><file name="index.009.png" server="phsi2b2appdev.mgh.harvard.edu//var/www/html/webclient/" local="3372941536" remote="11990783944" /><file name="index.010.png" server="phsi2b2appdev.mgh.harvard.edu//var/www/html/webclient/" local="3372941536" remote="11990783944" /><file name="index.011.png" server="phsi2b2appdev.mgh.harvard.edu//var/www/html/webclient/" local="3372941536" remote="11990783944" /><file name="index.012.png" server="phsi2b2appdev.mgh.harvard.edu//var/www/html/webclient/" local="3372941536" remote="11990783944" /><file name="index.013.png" server="phsi2b2appdev.mgh.harvard.edu//var/www/html/webclient/" local="3372941536" remote="11990783944" /><file name="index.014.png" server="phsi2b2appdev.mgh.harvard.edu//var/www/html/webclient/" local="3372941536" remote="11990783944" /><file name="index.015.png" server="phsi2b2appdev.mgh.harvard.edu//var/www/html/webclient/" local="3372941536" remote="11990783944" /><file name="index.016.png" server="phsi2b2appdev.mgh.harvard.edu//var/www/html/webclient/" local="3372941536" remote="11990783944" /></dwsync>