<?xml version="1.0" encoding="UTF-8"?>
<crc:examples xmlns:xsi="http://www.w3.org/2001/XMLSchema-instance"
    xmlns:crc="http://www.i2b2.org/xsd/cell/crc/psm/1.1/"
    xsi:schemaLocation="http://www.i2b2.org/xsd/cell/crc/psm/1.1 ./CRC_PSM_QRY.xsd">

    <message_body>
        <crc:header>
            <user login=""/>
            <data_source/>
            <patient_set_limit>0</patient_set_limit>
            <estimated_time>0</estimated_time>
            <create_date>2000-12-30T00:00:00</create_date>
            <submit_date>2000-12-30T00:00:00</submit_date>
            <complete_date>2000-12-30T00:00:00</complete_date>
            <request_type>CRC_QRY_getQueryMasterList_fromUserId</request_type>
        </crc:header>
        <crc:request xsi:type="crc:user_requestType">
            <user_id>some_user_id</user_id>
            <group_id>group</group_id>
            <fetch_size>100</fetch_size>
        </crc:request>
        <crc:response xsi:type="crc:master_responseType">
            <query_master>
                <query_master_id>0</query_master_id>
                <name/>
                <user_id/>
                <group_id/>
                <create_date>2000-12-30T00:00:00</create_date>
                <delete_date>2000-12-30T00:00:00</delete_date>
                <request_xml/>
                <generated_sql/>
            </query_master>
            <query_master>
                <query_master_id>1</query_master_id>
                <name/>
                <user_id/>
                <group_id/>
                <create_date>2000-12-30T00:00:00</create_date>
                <delete_date>2000-12-30T00:00:00</delete_date>
                <request_xml/>
                <generated_sql/>
            </query_master>
        </crc:response>
        <crc:sql/>
    </message_body>

    <message_body>
        <crc:header>
            <user login=""/>
            <data_source/>
            <patient_set_limit>0</patient_set_limit>
            <estimated_time>0</estimated_time>
            <create_date>2000-12-30T00:00:00</create_date>
            <submit_date>2000-12-30T00:00:00</submit_date>
            <complete_date>2000-12-30T00:00:00</complete_date>
            <request_type>CRC_QRY_getQueryInstanceList_fromQueryMasterId</request_type>
        </crc:header>
        <crc:request xsi:type="crc:master_requestType">
            <query_master_id>0</query_master_id>
        </crc:request>
        <crc:response xsi:type="crc:instance_responseType">
            <query_instance>
                <query_instance_id>0</query_instance_id>
                <query_master_id>0</query_master_id>
                <user_id/>
                <group_id/>
                <batch_mode/>
                <start_date>2000-12-30T00:00:00</start_date>
                <end_date>2000-12-30T00:00:00</end_date>
                <query_status_type>
                    <status_type_id>0</status_type_id>
                    <name>finished</name>
                    <description/>
                </query_status_type>
            </query_instance>
            <query_instance>
                <query_instance_id>1</query_instance_id>
                <query_master_id>0</query_master_id>
                <user_id/>
                <group_id/>
                <batch_mode/>
                <start_date>2000-12-30T00:00:00</start_date>
                <end_date>2000-12-30T00:00:00</end_date>
                <query_status_type>
                    <status_type_id>0</status_type_id>
                    <name>finished</name>
                    <description/>
                </query_status_type>
            </query_instance>
        </crc:response>
        <crc:sql/>
    </message_body>

    <message_body>
        <crc:header>
            <user login=""/>
            <data_source/>
            <patient_set_limit>0</patient_set_limit>
            <estimated_time>0</estimated_time>
            <create_date>2000-12-30T00:00:00</create_date>
            <submit_date>2000-12-30T00:00:00</submit_date>
            <complete_date>2000-12-30T00:00:00</complete_date>
            <request_type>CRC_QRY_getQueryResultInstanceList_fromQueryInstanceId</request_type>
        </crc:header>
        <crc:request xsi:type="crc:instance_requestType">
            <query_instance_id>0</query_instance_id>
        </crc:request>
        <crc:response xsi:type="crc:result_responseType">
            <query_result_instance>
                <result_instance_id>0</result_instance_id>
                <query_instance_id>0</query_instance_id>
                <query_result_type>
                    <result_type_id>0</result_type_id>
                    <name>PATIENT_SET</name>
                    <description/>
                </query_result_type>
                <set_size>0</set_size>
                <start_date>2000-12-30T00:00:00</start_date>
                <end_date>2000-12-30T00:00:00</end_date>
                <query_status_type>
                    <status_type_id>0</status_type_id>
                    <name>finished</name>
                    <description/>
                </query_status_type>
            </query_result_instance>
            <query_result_instance>
                <result_instance_id>1</result_instance_id>
                <query_instance_id>0</query_instance_id>
                <query_result_type>
                    <result_type_id>1</result_type_id>
                    <name>ENCOUNTER_SET</name>
                    <description/>
                </query_result_type>
                <set_size>0</set_size>
                <start_date>2000-12-30T00:00:00</start_date>
                <end_date>2000-12-30T00:00:00</end_date>
                <query_status_type>
                    <status_type_id>0</status_type_id>
                    <name>finished</name>
                    <description/>
                </query_status_type>
            </query_result_instance>
        </crc:response>
        <crc:sql/>
    </message_body>

    <message_body>
        <crc:header>
            <user login=""/>
            <data_source/>
            <patient_set_limit>0</patient_set_limit>
            <estimated_time>0</estimated_time>
            <create_date>2000-12-30T00:00:00</create_date>
            <submit_date>2000-12-30T00:00:00</submit_date>
            <complete_date>2000-12-30T00:00:00</complete_date>
            <request_type>CRC_QRY_runQueryInstance_fromQueryDefinition</request_type>
        </crc:header>
        <crc:request xsi:type="crc:query_definition_requestType">
            <query_definition>
                <query_name/>
                <query_description/>
                <query_timing>SAME</query_timing>
                <specificity_scale>0</specificity_scale>
                <query_date_from>2000-12-30T00:00:00</query_date_from>
                <query_date_to>2000-12-30T00:00:00</query_date_to>
                <panel>
                    <panel_number>0</panel_number>
                    <panel_date_from>2000-12-30T00:00:00</panel_date_from>
                    <panel_date_to>2000-12-30T00:00:00</panel_date_to>
                    <invert>0</invert>
                    <total_item_occurrences>0</total_item_occurrences>
                    <item>
                        <hlevel>0</hlevel>
                        <item_name/>
                        <item_table/>
                        <item_key/>
                        <item_icon/>
                        <tooltip/>
                        <class/>
                    </item>
                </panel>
            </query_definition>
        </crc:request>
        <!-- if not finished, may send only query_master or query_master and query_instance
        without the result_list -->
        <crc:response xsi:type="crc:master_instance_result_responseType">
            <query_master>
                <query_master_id>0</query_master_id>
                <name/>
                <user_id/>
                <group_id/>
                <create_date>2000-12-30T00:00:00</create_date>
                <delete_date>2000-12-30T00:00:00</delete_date>
                <request_xml/>
                <generated_sql/>
            </query_master>
            <query_instance>
                <query_instance_id>0</query_instance_id>
                <query_master_id>0</query_master_id>
                <user_id/>
                <group_id/>
                <batch_mode/>
                <start_date>2000-12-30T00:00:00</start_date>
                <end_date>2000-12-30T00:00:00</end_date>
                <query_status_type>
                    <status_type_id>0</status_type_id>
                    <name>finished</name>
                    <description/>
                </query_status_type>
            </query_instance>
            <query_result_instance>
                <result_instance_id>0</result_instance_id>
                <query_instance_id>0</query_instance_id>
                <query_result_type>
                    <result_type_id>0</result_type_id>
                    <name>PATIENT_SET</name>
                    <description/>
                </query_result_type>
                <set_size>0</set_size>
                <start_date>2000-12-30T00:00:00</start_date>
                <end_date>2000-12-30T00:00:00</end_date>
                <query_status_type>
                    <status_type_id>0</status_type_id>
                    <name>finished</name>
                    <description/>
                </query_status_type>
            </query_result_instance>
            <query_result_instance>
                <result_instance_id>1</result_instance_id>
                <query_instance_id>0</query_instance_id>
                <query_result_type>
                    <result_type_id>1</result_type_id>
                    <name>ENCOUNTER_SET</name>
                    <description/>
                </query_result_type>
                <set_size>0</set_size>
                <start_date>2000-12-30T00:00:00</start_date>
                <end_date>2000-12-30T00:00:00</end_date>
                <query_status_type>
                    <status_type_id>0</status_type_id>
                    <name>finished</name>
                    <description/>
                </query_status_type>
            </query_result_instance>
        </crc:response>
        <crc:sql/>
    </message_body>

    <message_body>
        <crc:header>
            <user login=""/>
            <data_source/>
            <patient_set_limit>0</patient_set_limit>
            <estimated_time>0</estimated_time>
            <create_date>2000-12-30T00:00:00</create_date>
            <submit_date>2000-12-30T00:00:00</submit_date>
            <complete_date>2000-12-30T00:00:00</complete_date>
            <request_type>CRC_QRY_runQueryInstance_fromQueryMasterId</request_type>
        </crc:header>
        <crc:request xsi:type="crc:master_requestType">
            <query_master_id>0</query_master_id>
        </crc:request>
        <crc:response xsi:type="crc:instance_result_responseType">
            <status/>
            <query_instance>
                <query_instance_id>0</query_instance_id>
                <query_master_id>0</query_master_id>
                <user_id/>
                <group_id/>
                <batch_mode/>
                <start_date>2000-12-30T00:00:00</start_date>
                <end_date>2000-12-30T00:00:00</end_date>
                <query_status_type>
                    <status_type_id>0</status_type_id>
                    <name>finished</name>
                    <description/>
                </query_status_type>
            </query_instance>
            <query_result_instance>
                <result_instance_id>0</result_instance_id>
                <query_instance_id>0</query_instance_id>
                <query_result_type>
                    <result_type_id>0</result_type_id>
                    <name>PATIENT_SET</name>
                    <description/>
                </query_result_type>
                <set_size>0</set_size>
                <start_date>2000-12-30T00:00:00</start_date>
                <end_date>2000-12-30T00:00:00</end_date>
                <query_status_type>
                    <status_type_id>0</status_type_id>
                    <name>finished</name>
                    <description/>
                </query_status_type>
            </query_result_instance>
            <query_result_instance>
                <result_instance_id>1</result_instance_id>
                <query_instance_id>0</query_instance_id>
                <query_result_type>
                    <result_type_id>1</result_type_id>
                    <name>ENCOUNTER_SET</name>
                    <description/>
                </query_result_type>
                <set_size>0</set_size>
                <start_date>2000-12-30T00:00:00</start_date>
                <end_date>2000-12-30T00:00:00</end_date>
                <query_status_type>
                    <status_type_id>0</status_type_id>
                    <name>finished</name>
                    <description/>
                </query_status_type>
            </query_result_instance>
        </crc:response>
        <crc:sql/>
    </message_body>

    <message_body>
        <crc:header>
            <user login=""/>
            <data_source/>
            <patient_set_limit>0</patient_set_limit>
            <estimated_time>0</estimated_time>
            <create_date>2000-12-30T00:00:00</create_date>
            <submit_date>2000-12-30T00:00:00</submit_date>
            <complete_date>2000-12-30T00:00:00</complete_date>
            <request_type>CRC_QRY_getRequestXml_fromQueryMasterId</request_type>
        </crc:header>
        <crc:request xsi:type="crc:master_requestType">
            <query_master_id>0</query_master_id>
        </crc:request>
        <crc:response xsi:type="crc:request_xml_responseType">
            <xml_string><![CDATA[
                <query_definition>
                    <query_name/>
                    <query_description/>
                    <query_timing>ANY</query_timing>
                    <specificity_scale>0</specificity_scale>
                    <query_date_from>2000-12-30T00:00:00</query_date_from>
                    <query_date_to>2000-12-30T00:00:00</query_date_to>
                    <panel>
                        <panel_number>0</panel_number>
                        <panel_date_from>2000-12-30T00:00:00</panel_date_from>
                        <panel_date_to>2000-12-30T00:00:00</panel_date_to>
                        <invert>0</invert>
                        <total_item_occurrences>0</total_item_occurrences>
                        <item>
                            <hlevel>0</hlevel>
                            <item_name/>
                            <item_table/>
                            <item_key/>
                            <item_icon/>
                            <tooltip/>
                            <class/>
                        </item>
                    </panel>
                </query_definition>
            ]]></xml_string>
        </crc:response>
        <crc:sql/>
    </message_body>

    <!-- We aren't going to implement, yet, may change patient_set_responseType  -->
    <message_body>
        <crc:header>
            <user login=""/>
            <data_source/>
            <patient_set_limit>0</patient_set_limit>
            <estimated_time>0</estimated_time>
            <create_date>2000-12-30T00:00:00</create_date>
            <submit_date>2000-12-30T00:00:00</submit_date>
            <complete_date>2000-12-30T00:00:00</complete_date>
            <request_type>CRC_QRY_getPatientSet_fromResultInstanceId</request_type>
        </crc:header>
        <crc:request xsi:type="crc:result_requestType">
            <query_result_instance_id>0</query_result_instance_id>
        </crc:request>
        <crc:response xsi:type="crc:patient_set_responseType">
            <patient_set patient_set_coll_id="0">
                <cohort_patient>
                    <set_index>1</set_index>
                    <patient_num>33</patient_num>
                </cohort_patient>
                <cohort_patient>
                    <set_index>2</set_index>
                    <patient_num>34</patient_num>
                </cohort_patient>
            </patient_set>
        </crc:response>
        <crc:sql/>
    </message_body>

</crc:examples>
