<project name="GIRI server build">
	
	<import file="../edu.harvard.i2b2.common/common_build.xml"/>
	
    <property name="Project" value="de.erlangen.i2b2.giri"/>
	<target name="build-all" depends="common_clean" description="Build this and all its dependent projects">
		<!-- build i2b2common -->
		<subant target="dist">
			<fileset dir="../${i2b2CommonProject}" includes="build.xml" />
		</subant>
		<!-- copy lib to genlib -->
		<copy_genlibs module="${i2b2CommonProject}" />
		<!-- call buil.xml -->
		<subant target="dist">
			<fileset dir="." includes="build.xml" />
		</subant>
	</target>


</project>