<?xml version="1.0" encoding="UTF-8"?>
<service name="GIRIService" scope="request">
    <description>
        GIRI Service
    </description>
    <operation name="getRScriptlets">
        <messageReceiver class="org.apache.axis2.receivers.RawXMLINOutMessageReceiver"/>
    </operation>
    <operation name="getRResults">
        <messageReceiver class="org.apache.axis2.receivers.RawXMLINOutMessageReceiver"/>
    </operation>
    <parameter name="ServiceClass">de.erlangen.i2b2.giri.GIRIService</parameter>
</service>
