<?xml version="1.0" encoding="UTF-8"?>
<ns1:response xmlns:ns1="http://www.i2b2.org/xsd/cell/pm/"
 xmlns:xsi="http://www.w3.org/2001/XMLSchema-instance"
 xsi:schemaLocation="http://www.i2b2.org/xsd/cell/pm/ file:/K:/Eclipse%20Workspace/edu.harvard.i2b2.xml/xsd/cell/pm/PM_USER.xsd">
    <configure>
        <environment>environment0</environment>
        <user>
            <name>name0</name>
            <key>key0</key>
            <project id="id0">
                <name>name1</name>
                <key>key1</key>
                <wiki>wiki0</wiki>
                <role>role0</role>
            </project>
        </user>
        <cellDatas>
            <cell id="id1">
                <name>name2</name>
                <url>url0</url>
                <parm name="name3">parm0</parm>
            </cell>
        </cellDatas>
        <globalVariables name="name4">globalVariables0</globalVariables>
    </configure>
</ns1:response>
