<?xml version="1.0" encoding="UTF-8"?>
<!DOCTYPE beans PUBLIC "-//SPRING//DTD BEAN//EN" "http://www.springframework.org/dtd/spring-beans.dtd">

<!--
  - Application context definition for i2b2 with spring jdbc template.
  -->
<beans>
 


    <bean id="PBBootStrapDS" class="org.apache.commons.dbcp.BasicDataSource" destroy-method="close">
                <property name="driverClassName" value="oracle.jdbc.driver.OracleDriver"/>
                <property name="url" value="jdbc:oracle:thin:@localhost:1521:XE"/>
                <property name="username" value="i2b2hive"/>
                <property name="password" value="demouser"/>
     </bean>

        <bean id="QueryToolDemoDS" class="org.apache.commons.dbcp.BasicDataSource" destroy-method="close">
                <property name="driverClassName" value="oracle.jdbc.driver.OracleDriver"/>
                <property name="url" value="jdbc:oracle:thin:@localhost:1521:XE"/>
                <property name="username" value="i2b2demodata"/>
                <property name="password" value="demouser"/>
        </bean> 





  <!--  Fixed bean properties -->
  <bean id="jaxbPackage" class="org.springframework.beans.factory.config.ListFactoryBean">
    <property name="sourceList">
      <list>
        <value>edu.harvard.i2b2.crc.datavo.i2b2message</value>
        <value>edu.harvard.i2b2.crc.datavo.i2b2result</value>
        <value>edu.harvard.i2b2.crc.datavo.pdo</value>
        <value>edu.harvard.i2b2.crc.datavo.pdo.query</value>
        <value>edu.harvard.i2b2.crc.datavo.setfinder.query</value>
        <value>edu.harvard.i2b2.crc.datavo.pm</value>
        <value>edu.harvard.i2b2.crc.datavo.ontology</value>
      </list>
    </property>
  </bean>
 
 
 <bean id="appType" class="edu.harvard.i2b2.crc.datavo.i2b2message.ApplicationType">
    <property name="applicationName" value="edu.harvard.i2b2.crcplugin.pb"/>
    <property name="applicationVersion" value="1.0"/>
  </bean>



 <bean id="message_header" class="edu.harvard.i2b2.crc.datavo.i2b2message.MessageHeaderType">
        <property name="sendingApplication" ref="appType"/>
 </bean>


</beans>

